source,target
sir_tails,Crafts
sir_tails,Cars & Trucks by Make & Model
sir_tails,Fish
sir_tails,Basketball
sir_tails,Footwear Product Types
sir_tails,Meat & Seafood
sir_tails,Video Games
sir_tails,Fashion Products
sir_tails,Boxing
sir_tails,Vacation & Leisure Activities
sir_tails,Action TV & Movies
sir_tails,Frozen Desserts
sir_tails,Nail Care Product Types
sir_tails,Gym Workouts
sir_tails,Body Modification
sir_tails,Birds
sir_tails,Snacks
sir_tails,Racket Sports
sir_tails,Basketball Leagues
sir_tails,Video Game Consoles & Hardware
sir_tails,AR/VR Games
sir_tails,Turtles
sir_tails,Popular Video Games
sir_tails,European Cars & Trucks
sir_tails,Snakes
sir_tails,Hair Care & Styling
sir_tails,Restaurants
sir_tails,Eye Makeup
sir_tails,Wild Cats
sir_tails,Cakes
sir_tails,Cocktails
sir_tails,Beauty
sir_tails,Skin & Body Care
sir_tails,Combat Sports
sir_tails,Juices & Smoothies
sir_tails,Makeup
sir_tails,Comic Strips
sir_tails,Stringed Instruments
sir_tails,Comic Books & Graphic Novels
sir_tails,Photography
sir_tails,Animation TV & Movies
sir_tails,Beauty Product Types
sir_tails,Reptiles
sir_tails,Guitars
sir_tails,Coffee Drinks
sir_tails,Video Games by Game Mechanics
sir_tails,Dog Breeds
sir_tails,Nail Care
sir_tails,Battle Royale Video Games
sir_tails,Seafood
sir_tails,Lions
sir_tails,Types of Sports
sir_tails,Skateboarding
sir_tails,Dance
sir_tails,Makeup & Cosmetic Product Types
sir_tails,Fortnite
sir_tails,Cookies
sir_tails,Beauty Products
sir_tails,Horticulture & Gardening
sir_tails,Video Games by Game Play Genre
sir_tails,Gardening & Landscaping
sir_tails,Giraffes
sir_tails,Jewelry
sir_tails,Monkeys
sir_tails,Hair Types
sir_tails,Nails & Nail Care
sir_tails,Cars & Trucks
sir_tails,Cars
sir_tails,Vehicle & Transportation Industry
sir_tails,Faces & Face Care
sir_tails,Primates
sir_tails,Curly Hair
sir_tails,Running
sir_tails,Animals
sir_tails,Hair Care
sir_tails,Horses
sir_tails,Body Art
sir_tails,Football
sir_tails,Braids
sir_tails,Card Games
sir_tails,Strategy Video Games
sir_tails,Hair Product Types
sir_tails,Dreadlocks
sir_tails,Recipes
sir_tails,Clothing & Accessories
sir_tails,Interior Design
sir_tails,Pets
sir_tails,Soccer
sir_tails,Weightlifting
sir_tails,Racing Video Games
sir_tails,Foods
sir_tails,TV & Movies Celebrities
sir_tails,Prepared Foods & Dishes
sir_tails,Yoga
sir_tails,Popular Survival Video Games
sir_tails,Hairstyles
sir_tails,Chickens
sir_tails,East Asian Food
sir_tails,Beef
sir_tails,Pizza
sir_tails,Alcoholic Beverages
sir_tails,Baked Goods
sir_tails,NBA
sir_tails,Aviation
sir_tails,Poultry
sir_tails,Ground Transportation
sir_tails,Musical Instruments
sir_tails,Nail Polish & Art
sir_tails,German Cars & Trucks
sir_tails,Outdoor Activities
sir_tails,Breads
sir_tails,Fashion
sir_tails,Video Game Consoles
sir_tails,Martial Arts
sir_tails,Non-Alcoholic Beverages
sir_tails,Drawing & Sketching
sir_tails,Regional Cuisines
sir_tails,Types of Meat & Seafood
sir_tails,Drinks
sir_tails,Mexican Food
sir_tails,Footwear
sir_tails,Candy
sir_tails,Anime TV & Movies
sir_tails,Personal Celebrations
sir_tails,Fashion Styles & Trends
sir_tails,Visual Arts
sir_tails,Painting
sir_tails,Cows & Bulls
sir_tails,Survival Video Games
sir_tails,Technology
sir_tails,Produce
sir_tails,Friendships
sir_tails,Video Game Platforms
sir_tails,Video Games by Theme
sir_tails,Sandwiches
sir_tails,Hair Extensions & Wigs
sir_tails,North & South American Food
sir_tails,Bugs & Worms
sir_tails,Golf
sir_tails,Football Family of Sports
sir_tails,Strength Training
sir_tails,Travel Destinations
sir_tails,North American Professional Basketball Leagues
sir_tails,Foods of Mexico
sir_tails,Travel by Region
sir_tails,TV & Movies by Genre
sir_tails,Mammals
sir_tails,Birthdays
sir_tails,Popular Battle Royale Video Games
sir_tails,Mercedes-Benz Vehicles
sir_tails,Digital Art
sir_tails,Dogs
sir_tails,Small Motor Vehicles
sir_tails,Video Games by Year
sir_tails,Aquatic Animals
sir_tails,Asian Food
sir_tails,Toys
sir_tails,2010-2019 Video Games
sir_tails,Tennis
sir_tails,Body Piercing
sir_tails,Shoes
sir_tails,Farm Animals
sir_tails,Cats
sir_tails,Fruits
sir_tails,Ice Cream
sir_tails,Literary Forms
sir_tails,Desserts
sir_tails,Latin American Food
elvocool,Soccer
elvocool,Cars & Trucks by Make & Model
elvocool,Basketball
elvocool,Foods
elvocool,TV & Movies Celebrities
elvocool,Video Games
elvocool,Fashion Products
elvocool,Popular Survival Video Games
elvocool,Hairstyles
elvocool,Alcoholic Beverages
elvocool,Baked Goods
elvocool,Ground Transportation
elvocool,Gym Workouts
elvocool,German Cars & Trucks
elvocool,Birds
elvocool,Fashion
elvocool,AR/VR Games
elvocool,Popular Video Games
elvocool,Martial Arts
elvocool,European Cars & Trucks
elvocool,Drawing & Sketching
elvocool,Regional Cuisines
elvocool,Drinks
elvocool,Footwear
elvocool,Anime TV & Movies
elvocool,Personal Celebrations
elvocool,Cakes
elvocool,Fashion Styles & Trends
elvocool,Beauty
elvocool,Visual Arts
elvocool,Combat Sports
elvocool,Survival Video Games
elvocool,Animation TV & Movies
elvocool,Beauty Product Types
elvocool,Friendships
elvocool,Reptiles
elvocool,Parrots
elvocool,Video Games by Game Mechanics
elvocool,Video Games by Theme
elvocool,Dog Breeds
elvocool,Battle Royale Video Games
elvocool,Types of Sports
elvocool,Skateboarding
elvocool,Bugs & Worms
elvocool,Fortnite
elvocool,Football Family of Sports
elvocool,Beauty Products
elvocool,German Shepherds
elvocool,Video Games by Game Play Genre
elvocool,TV & Movies by Genre
elvocool,Mammals
elvocool,Birthdays
elvocool,Popular Battle Royale Video Games
elvocool,Dogs
elvocool,Small Motor Vehicles
elvocool,Monkeys
elvocool,Video Games by Year
elvocool,Cars & Trucks
elvocool,Cars
elvocool,2010-2019 Video Games
elvocool,Primates
elvocool,Animals
elvocool,Hair Care
elvocool,Horses
elvocool,Wrestling
elvocool,Farm Animals
elvocool,Cats
elvocool,Recipes
elvocool,Clothing & Accessories
elvocool,Desserts
elvocool,Pets
